names,importances,experiment_id,CO_MES,var_target
"('10~mes', '-18:-46', 'mm')",0.019855293397820366,5ff051da-677a-4de4-b84c-611e0f8aa68d,02~mes,kt
"('11~mes', '-7:-43', 'mm')",0.013584193584193584,5ff051da-677a-4de4-b84c-611e0f8aa68d,02~mes,oc
"('03~mes', '-3:-61', 'mm')",0.012208325461886401,77b0e5a2-5741-476f-bb2f-4fd4353792b1,08~mes,kt
ANO,0.0,77b0e5a2-5741-476f-bb2f-4fd4353792b1,08~mes,oc
